date,year,quarter,month,month_name,year_month,week_of_year,day_of_week,is_weekend
2022-03-31,2022,Q1,3,Mar,2022-03,13,Thursday,False
2022-04-01,2022,Q2,4,Apr,2022-04,13,Friday,False
2022-04-02,2022,Q2,4,Apr,2022-04,13,Saturday,True
2022-04-03,2022,Q2,4,Apr,2022-04,13,Sunday,True
2022-04-04,2022,Q2,4,Apr,2022-04,14,Monday,False
2022-04-05,2022,Q2,4,Apr,2022-04,14,Tuesday,False
2022-04-06,2022,Q2,4,Apr,2022-04,14,Wednesday,False
2022-04-07,2022,Q2,4,Apr,2022-04,14,Thursday,False
2022-04-08,2022,Q2,4,Apr,2022-04,14,Friday,False
2022-04-09,2022,Q2,4,Apr,2022-04,14,Saturday,True
2022-04-10,2022,Q2,4,Apr,2022-04,14,Sunday,True
2022-04-11,2022,Q2,4,Apr,2022-04,15,Monday,False
2022-04-12,2022,Q2,4,Apr,2022-04,15,Tuesday,False
2022-04-13,2022,Q2,4,Apr,2022-04,15,Wednesday,False
2022-04-14,2022,Q2,4,Apr,2022-04,15,Thursday,False
2022-04-15,2022,Q2,4,Apr,2022-04,15,Friday,False
2022-04-16,2022,Q2,4,Apr,2022-04,15,Saturday,True
2022-04-17,2022,Q2,4,Apr,2022-04,15,Sunday,True
2022-04-18,2022,Q2,4,Apr,2022-04,16,Monday,False
2022-04-19,2022,Q2,4,Apr,2022-04,16,Tuesday,False
2022-04-20,2022,Q2,4,Apr,2022-04,16,Wednesday,False
2022-04-21,2022,Q2,4,Apr,2022-04,16,Thursday,False
2022-04-22,2022,Q2,4,Apr,2022-04,16,Friday,False
2022-04-23,2022,Q2,4,Apr,2022-04,16,Saturday,True
2022-04-24,2022,Q2,4,Apr,2022-04,16,Sunday,True
2022-04-25,2022,Q2,4,Apr,2022-04,17,Monday,False
2022-04-26,2022,Q2,4,Apr,2022-04,17,Tuesday,False
2022-04-27,2022,Q2,4,Apr,2022-04,17,Wednesday,False
2022-04-28,2022,Q2,4,Apr,2022-04,17,Thursday,False
2022-04-29,2022,Q2,4,Apr,2022-04,17,Friday,False
2022-04-30,2022,Q2,4,Apr,2022-04,17,Saturday,True
2022-05-01,2022,Q2,5,May,2022-05,17,Sunday,True
2022-05-02,2022,Q2,5,May,2022-05,18,Monday,False
2022-05-03,2022,Q2,5,May,2022-05,18,Tuesday,False
2022-05-04,2022,Q2,5,May,2022-05,18,Wednesday,False
2022-05-05,2022,Q2,5,May,2022-05,18,Thursday,False
2022-05-06,2022,Q2,5,May,2022-05,18,Friday,False
2022-05-07,2022,Q2,5,May,2022-05,18,Saturday,True
2022-05-08,2022,Q2,5,May,2022-05,18,Sunday,True
2022-05-09,2022,Q2,5,May,2022-05,19,Monday,False
2022-05-10,2022,Q2,5,May,2022-05,19,Tuesday,False
2022-05-11,2022,Q2,5,May,2022-05,19,Wednesday,False
2022-05-12,2022,Q2,5,May,2022-05,19,Thursday,False
2022-05-13,2022,Q2,5,May,2022-05,19,Friday,False
2022-05-14,2022,Q2,5,May,2022-05,19,Saturday,True
2022-05-15,2022,Q2,5,May,2022-05,19,Sunday,True
2022-05-16,2022,Q2,5,May,2022-05,20,Monday,False
2022-05-17,2022,Q2,5,May,2022-05,20,Tuesday,False
2022-05-18,2022,Q2,5,May,2022-05,20,Wednesday,False
2022-05-19,2022,Q2,5,May,2022-05,20,Thursday,False
2022-05-20,2022,Q2,5,May,2022-05,20,Friday,False
2022-05-21,2022,Q2,5,May,2022-05,20,Saturday,True
2022-05-22,2022,Q2,5,May,2022-05,20,Sunday,True
2022-05-23,2022,Q2,5,May,2022-05,21,Monday,False
2022-05-24,2022,Q2,5,May,2022-05,21,Tuesday,False
2022-05-25,2022,Q2,5,May,2022-05,21,Wednesday,False
2022-05-26,2022,Q2,5,May,2022-05,21,Thursday,False
2022-05-27,2022,Q2,5,May,2022-05,21,Friday,False
2022-05-28,2022,Q2,5,May,2022-05,21,Saturday,True
2022-05-29,2022,Q2,5,May,2022-05,21,Sunday,True
2022-05-30,2022,Q2,5,May,2022-05,22,Monday,False
2022-05-31,2022,Q2,5,May,2022-05,22,Tuesday,False
2022-06-01,2022,Q2,6,Jun,2022-06,22,Wednesday,False
2022-06-02,2022,Q2,6,Jun,2022-06,22,Thursday,False
2022-06-03,2022,Q2,6,Jun,2022-06,22,Friday,False
2022-06-04,2022,Q2,6,Jun,2022-06,22,Saturday,True
2022-06-05,2022,Q2,6,Jun,2022-06,22,Sunday,True
2022-06-06,2022,Q2,6,Jun,2022-06,23,Monday,False
2022-06-07,2022,Q2,6,Jun,2022-06,23,Tuesday,False
2022-06-08,2022,Q2,6,Jun,2022-06,23,Wednesday,False
2022-06-09,2022,Q2,6,Jun,2022-06,23,Thursday,False
2022-06-10,2022,Q2,6,Jun,2022-06,23,Friday,False
2022-06-11,2022,Q2,6,Jun,2022-06,23,Saturday,True
2022-06-12,2022,Q2,6,Jun,2022-06,23,Sunday,True
2022-06-13,2022,Q2,6,Jun,2022-06,24,Monday,False
2022-06-14,2022,Q2,6,Jun,2022-06,24,Tuesday,False
2022-06-15,2022,Q2,6,Jun,2022-06,24,Wednesday,False
2022-06-16,2022,Q2,6,Jun,2022-06,24,Thursday,False
2022-06-17,2022,Q2,6,Jun,2022-06,24,Friday,False
2022-06-18,2022,Q2,6,Jun,2022-06,24,Saturday,True
2022-06-19,2022,Q2,6,Jun,2022-06,24,Sunday,True
2022-06-20,2022,Q2,6,Jun,2022-06,25,Monday,False
2022-06-21,2022,Q2,6,Jun,2022-06,25,Tuesday,False
2022-06-22,2022,Q2,6,Jun,2022-06,25,Wednesday,False
2022-06-23,2022,Q2,6,Jun,2022-06,25,Thursday,False
2022-06-24,2022,Q2,6,Jun,2022-06,25,Friday,False
2022-06-25,2022,Q2,6,Jun,2022-06,25,Saturday,True
2022-06-26,2022,Q2,6,Jun,2022-06,25,Sunday,True
2022-06-27,2022,Q2,6,Jun,2022-06,26,Monday,False
2022-06-28,2022,Q2,6,Jun,2022-06,26,Tuesday,False
2022-06-29,2022,Q2,6,Jun,2022-06,26,Wednesday,False
